Hersteller,Name,Preis,Lieferzeit,Nadelstaerke,Zusammenstellung
Budgetyarn,Budgetyarn Chunky Acrylic,"1,23",Not available,8 mm,100% Acryl
Budgetyarn,Budgetyarn Like Wool Baby,"1,23",Not available,3 mm,"70% Acryl, 30% Nylon"
Budgetyarn,Budgetyarn Acrylic DK,"1,23",Not available,4 mm,100% Acryl
Budgetyarn,Budgetyarn Chunky Chenille,"1,23",Not available,5 mm,100% Polyester
Budgetyarn,Budgetyarn Cotton DK,"1,23",Not available,2-3 mm,100% Baumwolle
Budgetyarn,Budgetyarn Soft Aran,"1,23",Not available,4 mm,"68% Polyester, 32% Nylon"
DMC,DMC Farbkarte Mouliné,"35,21",Not available,,
DMC,DMC Pirouette,"12,05",Not available,5 mm,100% Acryl
DMC,DMC Brio,"5,61",Not available,4 mm,"80% Acryl, 20% Wolle"
DMC,DMC 517 Mouliné Coloris Stickgarn 8m,"1,87",Not available,,
DMC,DMC 1008F Mouliné Satin Stickgarn 8m,"2,31",Not available,,
DMC,DMC 317W Mouliné Metallise Stickgarn 8m,"3,39",Not available,,
DMC,DMC 417F Mouliné Variation Stickgarn 8m,"2,11",Not available,,
DMC,DMC 117MC Mouliné Special Stickgarn 8m,"1,77",Not available,,100% Baumwolle
DMC,DMC Cotton Natura,"4,62",Not available,2.5-3.5 mm,100% Baumwolle
DMC,DMC Natura Linen,"5,31",Not available,"3-3,5 mm","58% Leinen, 26% Viskose, 16% Baumwolle"
DMC,DMC Natura Medium,"4,33",Not available,4-5 mm,100% Baumwolle
DMC,DMC Natura XL,"8,46",Not available,8 mm,100% Baumwolle
Drops,Drops Soft Tweed Mix,"2,76",Not available,4 mm,"50% Wolle, 25% Alpakawolle, 25% Viscose"
Drops,Drops Soft Tweed Uni Colour,"2,76",Not available,4 mm,"50% Wolle, 25% Alpakawolle, 25% Viscose"
Drops,Drops Wish Uni Colour,"3,34",Not available,9 mm,"50% Alpaca, 33% Katoen, 17% Wol"
Drops,Drops Wish Natural,"3,34",Not available,9 mm,"50% Alpaca, 33% Katoen, 17% Wol"
Drops,Drops Wish Mix,"3,34",Not available,9 mm,"50% Alpaca, 33% Katoen, 17% Wol"
Drops,Drops Air Mix,"3,44",Not available,5 mm,"65% Alpakawolle, 28% Polyamid, 7% Wolle"
Drops,Drops Air Uni Colour,"3,44",Not available,5 mm,"65% Alpakawolle, 28% Polyamid, 7% Wolle"
Drops,Drops Alaska Mix,"1,37",Not available,5 mm,100% Wolle
Drops,Drops Alaska Uni Colour,"1,37",Not available,5 mm,100% Wolle
Drops,Drops Alpaca Bouclé Mix,"2,43",Not available,5 mm,"80% Alpakawolle, 15% Wolle, 5% Polyamid"
Drops,Drops Alpaca Bouclé Uni Colour,"2,43",Not available,5 mm,"80% Alpakawolle, 15% Wolle, 5% Polyamid"
Drops,Drops Alpaca Mix,"2,45",Not available,"2,5-3,5 mm",100% Alpakawolle
Drops,Drops Alpaca Uni Colour,"2,45",Not available,"2,5-3,5 mm",100% Alpakawolle
Drops,Drops Andes Mix,"3,60",Not available,9 mm,"65% Wolle, 35% Alpakawolle"
Drops,Drops Andes Uni Colour,"3,60",Not available,9 mm,"65% Wolle, 35% Alpakawolle"
Drops,Drops Baby Merino Mix,"2,22",Not available,3 mm,100% Merinowolle
Drops,Drops Baby Merino Uni Colour,"2,22",Not available,"2,5-3,5 mm",100% Merinowolle
Drops,Drops BabyAlpaca Silk Uni Colour,"4,55",Not available,3.5 mm,"70% Alpakawolle, 30% Seide"
Drops,Drops Belle Uni Colour,"1,39",Not available,4 mm,"53% Baumwolle, 33% Viskose, 14% Leinen"
Drops,Drops Big Delight,"4,39",Not available,5 mm,100% Wolle
Drops,Drops Big Merino Mix,"2,25",Not available,5 mm,100% Merinowolle
Drops,Drops Big Merino Uni Colour,"2,25",Not available,5 mm,100% Merinowolle
Drops,Drops Bomull-Lin Uni Colour,"1,84",Not available,5 mm,"53% Baumwolle, 47% Leinen"
Drops,Drops Brushed Alpaca Silk Uni Colour,"1,85",Not available,5 mm,"77% Alpakawolle, 23% Seide"
Drops,Drops Cotton Light Uni Colour,"0,91",Not available,4 mm,"50% Baumwolle, 50% Polyester"
Drops,Drops Cotton Merino Uni Colour,"2,44",Not available,4 mm,"50% Merinowolle, 50% Baumwolle"
Drops,Drops Delight,"2,35",Not available,3.5 mm,"75% Wolle, 25% Polyamid"
Drops,Drops Fabel Long Print,"1,98",Not available,3 mm,"75% Wolle, 25% Polyamid"
Drops,Drops Fabel Print,"1,98",Not available,3 mm,"75% Wolle, 25% Polyamid"
Drops,Drops Fabel Uni Colour,"1,98",Not available,3 mm,"75% Wolle, 25% Polyamid"
Drops,Drops Flora Mix,"1,79",Not available,3 mm,"65% Wolle, 35% Alpakawolle"
Drops,Drops Flora Uni Colour,"1,79",Not available,3 mm,"65% Wolle, 35% Alpakawolle"
Drops,Drops Glitter Colours,"1,78",Not available,,"60% Cupro, 40% Metall"
Drops,Drops Glitter Gold & Silver,"1,78",Not available,,"60% Cupro, 40% Metall"
Drops,Drops Karisma Mix,"1,59",Not available,4 mm,100% Wolle
Drops,Drops Karisma Uni Colour,"1,59",Not available,4 mm,100% Wolle
Drops,Drops Kid-Silk Long Print,"3,25",Not available,3.5 mm,"75% Mohair, 25% Seide"
Drops,Drops Kid-Silk Uni Colour,"3,25",Not available,3.5 mm,"75% Mohair, 25% Seide"
Drops,Drops Lima Mix,"1,75",Not available,4 mm,"65% Wolle, 35% Alpakawolle"
Drops,Drops Lima Uni Colour,"1,75",Not available,4 mm,"65% Wolle, 35% Alpakawolle"
Drops,Drops Melody Uni Colour,"3,28",Not available,8 mm,"71% Alpakawolle, 25% Wolle, 4% Polyamid"
Drops,Drops Merino Extra Fine Mix,"2,25",Not available,4 mm,100% Merinowolle
Drops,Drops Merino Extra Fine Uni Colour,"2,25",Not available,4 mm,100% Merinowolle
Drops,Drops Muskat Uni Colour,"1,34",Not available,4 mm,100% Baumwolle
Drops,Drops Nepal Mix,"1,69",Not available,5 mm,"65% Wolle, 35% Alpakawolle"
Drops,Drops Nepal Uni Colour,"1,69",Not available,5 mm,"65% Wolle, 35% Alpakawolle"
Drops,Drops Nord Mix,"2,08",Not available,3 mm,"45% Alpakawolle, 30% Polyamid, 25% Wolle"
Drops,Drops Nord Uni Colour,"2,05",Not available,3 mm,"45% Alpakawolle, 30% Polyamid, 25% Wolle"
Drops,Drops Paris,"0,90",Not available,5 mm,100% Baumwolle
Drops,Drops Paris Recycled Denim,"0,85",Not available,5 mm,100% Recycelte Baumwolle
Drops,Drops Polaris Mix,"3,49",Not available,12 mm,100% Wolle
Drops,Drops Polaris Uni Colour,"3,49",Not available,12 mm,100% Wolle
Drops,Drops Puna Natural,"2,39",Not available,4 mm,100% Alpakawolle
Drops,Drops Puna Natural Mix,"2,39",Not available,4 mm,100% Alpakawolle
Drops,Drops Puna Uni Colour,"2,39",Not available,4 mm,100% Alpakawolle
Drops,Drops Safran,"0,99",Not available,3 mm,100% Baumwolle
Drops,Drops Sky Mix,"3,49",Not available,4 mm,"74% Alpakawolle, 18% Polyamid, 8% Wolle"
Drops,Drops Sky Uni Colour,"3,49",Not available,4 mm,"74% Alpakawolle, 18% Polyamid, 8% Wolle"
Drops,Drops Snow (Eskimo) Mix,"1,70",Not available,9 mm,100% Wolle
Drops,Drops Snow (Eskimo) Print,"1,80",Not available,9 mm,100% Wolle
Drops,Drops Snow (Eskimo) Uni Colour,"1,42",Not available,9 mm,100% Wolle
Durable,Durable Soqs Tweed,"3,54",Not available,2.5 - 3 mm,"72% Superwash wol, 25% Polyamide & 3% Viscose"
Durable,Durable Macramé Neue Farben Garnpaket,"32,36",Not available,4-5 mm,100% Baumwolle
Durable,Durable Double Four Neue Farben Garnpaket,"25,96",Not available,"4,5-5 mm",100% Baumwolle
Durable,Durable Cosy Extra Fine Neue Farben Garnpaket,"30,49",Not available,3-4 mm,"58% Baumwolle, 42% Acryl"
Durable,Durable Cosy Fine Neue Farben Garnpaket,"24,39",Not available,"4 - 4,5 mm","58% Baumwolle, 42% Polyacryl"
Durable,Durable Cosy Neue Farben Garnpaket,"24,78",Not available,5-7 mm,"50% Baumwolle, 50% Polyacryl"
Durable,Durable Coral Mini,"1,18",Not available,"2,5 - 3,5 mm",100% Mercerisierte Baumwolle
Durable,Durable Norwool Plus,"4,18",Not available,4 - 5 mm,"40% Acryl, 40% Polyamide, 20% Wol"
Durable,Durable Norwool,"2,21",Not available,"3 - 3,5 mm","55% Acryl, 20% Schurwolle, 25% Polyamid"
Durable,Durable Farbige Baumwolle No. 8,"2,46",Not available,"2,5 - 3 mm",100% Baumwolle
Durable,Durable Velvet,"5,80",Not available,3-5 mm,100% Polyester
Durable,Durable Rope,"7,82",Not available,6-8 mm,"70% Recycelten Baumwolle, 30% Recycelten Polyester"
Durable,Durable Piece of Cake,"7,28",Not available,"2,5-3 mm","55% Baumwolle, 45% Acryl"
Durable,Durable Colour Cake,"21,14",Not available,3 mm,"55% Baumwolle, 45% Acryl"
Durable,Durable Cosy Fine Faded,"3,44",Not available,"4-4,5 mm","58% Baumwolle, 42% Acryl"
Durable,Durable Stick- und Häkelbaumwollgarn,"2,36",Not available,"1-1,5 mm",100% Baumwolle
Durable,Durable Häkelgarn Nr. 10,"3,88",Not available,"2-2,5 mm",100% Baumwolle
Durable,Durable Häkelgarn Nr. 12,"3,88",Not available,"1,5-2 mm",100% Baumwolle
Durable,Durable Häkelgarn Nr. 8,"3,88",Not available,"2,5-3 mm",100% Baumwolle
Durable,Durable Chunky,"8,80",Not available,9-15 mm,100% Wolle
Durable,Durable Coral,"2,41",Not available,"2,5-3 mm",100% Mercerisierte Baumwolle
Durable,Durable Coral Alle Farben Paket,"192,27",Not available,"2,5-3 mm",100% Mercerisierte Baumwolle
Durable,Durable Cosy,"3,54",Not available,5-7 mm,"50% Baumwolle, 50% Polyacryl"
Durable,Durable Cosy Extra Fine,"3,20",Not available,3-4 mm,"58% Baumwolle, 42% Acryl"
Durable,Durable Cosy Fine,"3,20",Not available,"4 - 4,5 mm","58% Baumwolle, 42% Polyacryl"
Durable,Durable Double Four,"4,52",Not available,"4,5-5 mm",100% Baumwolle
Durable,Durable Forest,"4,87",Not available,"2,5-3 mm","45% Acryl, 37% Merinowolle, 18% Seide"
Durable,Durable Furry,"4,87",Not available,8 mm,100% Polyester
Durable,Durable Glam,"3,84",Not available,4 mm,"75% Baumwolle, 25% Polyester"
Durable,Durable Glanzbaumwolle Nr. 10,"4,82",Not available,"2-2,5 mm",100% Baumwolle
Durable,Durable Glanzbaumwolle Nr. 12,"4,82",Not available,"1,5-2 mm",100% Baumwolle
Durable,Durable Glanzbaumwolle No. 8,"4,82",Not available,"2,5-3 mm",100% Baumwolle
Durable,Durable Latch Hook Yarn,"2,94",Not available,,"50% Baumwolle, 50% Polyacryl"
Durable,Durable Macramé,"4,82",Not available,4 - 5 mm,100% Baumwolle
Durable,Durable Soqs,"3,54",Not available,"2,5-3 mm","75% Wolle, 25% Polyamid"
Durable,Durable Teddy,"3,39",Not available,5-6 mm,100% Polyamide
Go Handmade,Go Handmade Cosy,"3,93",Not available,4 mm,"60% Baumwolle, 40% Acryl"
Go Handmade,Go Handmade Couture,"3,93",Not available,4-5 mm,100% Acryl
Go Handmade,Go Handmade Teddy,"3,93",Not available,4-5 mm,100% Polyester
Go Handmade,Go Handmade Vintage,"3,93",Not available,3-4 mm,"70% Wolle, 30% Bambus"
Gütermann,Gütermann Nähgarnset Allesnähgarn rPET - 10 Spulen,"21,54",Not available,,100% Gerecycled Polyester
Gütermann,Gütermann Nähgarnset Allesnähgarn rPET - 20 Spulen,"43,17",Not available,"0,6 mm",100% Polyester
Gütermann,Gütermann Nähgarnset Jeans - 5 Spulen,"14,85",Not available,,
Gütermann,Gütermann Nähgarnset Allesnähgarn - 20 Spulen,"39,78",Not available,,100% Polyester
Gütermann,Gütermann Nähgarnset Allesnähgarn - 10 Spulen,"19,33",Not available,,100% Polyester
Gütermann,Gütermann Nähgarnset Denim - 6 Spulen,"12,74",Not available,,100% Polyester
Gütermann,Gütermann Polyester Nähgarn 200m,"3,69",Not available,,100% Polyester
Gütermann,Gütermann Transparent 200m,"3,34",Not available,,
Hoooked,Hoooked RibbonXL Neon,"12,78",Not available,8-12 mm,"70% Baumwolle, 30% Recycelte Fasern"
Hoooked,Hoooked Eucalyps,"7,86",Not available,4-5 mm,100% Pflanzich
Hoooked,Hoooked Natural Jute,"9,82",Not available,10-15 mm,100% Jute
Hoooked,Hoooked RibbonXL,"8,84",Not available,8-12 mm,"80% Recycelten Baumwolle, 20% Andere Rohstoffe"
Hoooked,Hoooked RibbonXL Lurex,"12,78",Not available,8-12 mm,"60% Recycelten Baumwolle, 20% Recycelten Fasern, 20% Lurex"
Hoooked,Hoooked Spesso Chunky Cotton,"9,82",Not available,8-10 mm,"85% Baumwolle, 15% Recycelten Fasern"
Katia,Katia Mediterranea,"9,79",Not available,2.5 - 3.5 mm,100% Egyptisch Katoen
Katia,Katia Missouri,"3,44",Not available,"2,5-3,5 mm",60% Katoen & 40% Acryl
Katia,Katia Sonajero,"3,92",Not available,"2,5 - 3,5 mm",60% Katoen & 40% Acryl
Katia,Katia New Cancun,"2,90",Not available,3 - 3.5 mm,50% Acryl & 50% Katoen
Katia,Katia Alabama,"3,44",Not available,"3,5-4 mm",50% Acryl & 50% Katoen
Katia,Katia Easy Knit Cotton,"6,84",Not available,5-6 mm,100% Baumwolle
Katia,Katia Yucatán,"5,11",Not available,4.5 - 5.5 mm,"39% Viscose, 38% Polyester, 16% Katoen & 7% Polyamide"
Katia,Katia Macramé Cord,"11,75",Not available,5 mm,"65% Katoen, 25% Polyester & 10% Overige vezels"
Katia,Katia Macramé Cord Fine,"6,84",Not available,2.5 mm,50% Gerecycled katoen & 50% Gerecycled polyester
Katia,Katia Soft Macramé,"14,70",Not available,10 mm,50% Gerecycled Katoen & 50% Organisch Katoen
Katia,Katia United Cotton,"1,48",Not available,4-5 mm,100% Baumwolle
Katia,Katia Fair Cotton Mariner,"22,52",Not available,"2,5-3,5 mm",100% Organisch Katoen GOTS
Katia,Katia Homemade,"6,84",Not available,7 - 9 mm,68% Katoen & 32% Polyamide
Katia,Katia Baby Ultrasoft,"2,90",Not available,4-4.5 mm,100% Acryl
Katia,Katia Linen,"4,43",Not available,3 - 4 mm,53% Katoen & 47% Linnen
Katia,Katia Sweet Cocoon,"4,87",Not available,"4,4.5 & 5 mm",65% Viscose & 35% Polyamide
Katia,Katia Panama,"3,69",Not available,"2,5-3 mm",100% Baumwolle
Katia,Katia Ekos,"2,90",Not available,5-5.5 mm,"50% Gerecycled Katoen, 47% Gerecycled polyester uit plastic flessen & 3% Overige vezels"
Katia,Katia Genesis,"17,65",Not available,3-3.5 mm,50% Gerecycled Polyester & 50% Katoen
Katia,Katia Seacell Cotton,"5,85",Not available,3.5 - 5 mm,75% Katoen & 25% Lyocell
Katia,Katia Re-Tape Craft,"5,89",Not available,"5,5-6 mm",50% Gerecycled Katoen & 50% Gerecycled polyster uit plastic flessen
Katia,Katia 10 Shiny Shades,"4,87",Not available,,70% Viscose & 30% Polyester
Katia,Katia Marmara,"5,85",Not available,4 - 5 mm,"65% Katoen, 23% Zijde & 12% Viscose"
Katia,Katia Bereber,"4,87",Not available,3 - 4 mm,"75% Katoen, 18% Viscose Ecovero, 5% Polyester & 2% Gemetalliseerd Polyester"
Katia,Katia Linum,"5,85",Not available,"4,5 - 5,5 mm","70% Katoen, 20% Gerecycled Linnen & 10% Polyamide"
Katia,Katia Twist (pro 10 Stück),"18,69",Not available,4-4.5-5 mm,100% Acryl
Katia,Katia Boomer,"12,74",Not available,5 - 6 mm,80% Acryl & 20% Wol
Katia,Katia Magic Ring,"9,79",Not available,8 - 9 mm,
Katia,Katia Sinfonia,"20,60",Not available,"3-3,5 mm","29% Baumwolle, 25% Alpaka, 25% Wolle, 21% Polyamid"
Katia,Katia Re-Tape,"3,49",Not available,"5,5-6 mm","52% Polyester, 48% Baumwolle"
Katia,Katia Paraiso,"9,79",Not available,"3-3,5 mm",100% Baumwolle
Katia,Katia Pure,"5,85",Not available,"4,5-5 mm",100% Baumwolle
Katia,Katia Eliseo,"5,41",Not available,"3,5-4 mm","90% Baumwolle 9% Polyester, 1% Polyamide"
Katia,Katia Pluma,"5,41",Not available,"4,5-5 mm","85% Baumwolle, 15% Polyamid"
Katia,Katia Cotton-Cashmere Degradé,"24,54",Not available,"2,5-3,5 mm","90% Baumwolle, 10% Kaschmir"
Katia,Katia United Socks,"1,97",Not available,"2,5 mm","75% Wolle, 25% Polyamid"
Katia,Katia Australis,"12,74",Not available,"4,5-5,5 mm","70% Acryl, 30% Wolle"
Katia,Katia Knit Ensemble,"22,57",Not available,"5,5-6 mm","55% Schurwolle, 45% Acryl"
Katia,Katia Soft Gratté,"3,44",Not available,"3-3,5 mm","80% Acryl, 20% Polyamid"
Katia,Katia Kaleido,"10,33",Not available,"3,5-4 mm","80% Acryl, 10% Mohair, 10% Polyamid"
Katia,Katia Saigon,"4,82",Not available,2 - 4 mm,100% Acryl
Katia,Katia Cotton 100%,"3,69",Not available,2.5 - 3.5 mm,100% Baumwolle
Katia,Katia 50 Mohair Shades,"5,85",Not available,3-4 mm,"67% Superkid Mohair, 30% Polyamid, 3% Wolle"
Katia,Katia Alma,"7,82",Not available,6.5-7 mm,"93% Merinowolle, 7% Polyamid"
Katia,Katia Baby Jacquard,"3,44",Not available,4-4.5 mm,"50% Polyamid, 50% Acryl"
Katia,Katia Eden,"7,82",Not available,6.5-7 mm,"63% Merinowolle, 14% Viskose, 10% Mohair, 9% Alpakawolle, 4% Polyamid"
Katia,Katia Sky,"7,82",Not available,4-4.5 mm,"32% Baumwolle, 30% Merinowolle, 26% Polyamid, 12% Alpakawolle"
Katia,Katia Supreme Merino,"3,88",Not available,5.5-6-7 mm,"45% Merinowolle, 45% Acryl, 10% Alpakawolle"
Katia,Katia Yoga,"6,84",Not available,4-5 mm,"45% Baumwolle, 42% Merinowolle, 13% Polyamid"
Katia,Katia Air Alpaca Degradé,"7,82",Not available,"5-6,5 mm",
Katia,Katia Alaska,"3,88",Not available,"6-6,5 mm",100% Acryl
Katia,Katia Alpaca Silver,"5,41",Not available,"3-3,5 mm","73% Alpakawolle, 20% Polyamid, 7% Polyester"
Katia,Katia Azteca,"8,80",Not available,"5-5,5 mm","53% Wolle, 47% Acryl"
Katia,Katia Baby Alpaca 100%,"8,80",Not available,3.5-4 mm,100% Baby Alpaka
Katia,Katia Basic Merino,"3,88",Not available,"3,5-4 mm","52% Merinowolle, 48% Acryl"
Katia,Katia Canada,"3,88",Not available,7-8 mm,100% Acryl
Katia,Katia Capri,"2,16",Not available,"2,5-3 mm",100% Baumwolle
Katia,Katia Capri Plus,"3,25",Not available,"2,5-3 mm",100% Baumwolle
Katia,Katia Catena Merino Fine,"3,88",Not available,"3-3,5 mm","78% Merinowolle, 22% Polyamid"
Katia,Katia Cotton Alpaca,"5,41",Not available,"3,5-4 mm","85% Baumwolle, 15% Alpakawolle"
Katia,Katia Cotton Cashmere,"6,39",Not available,"2,5-3,5 mm","90% Baumwolle, 10% Kaschmir"
Katia,Katia Cotton-Merino,"5,85",Not available,"4,5 - 5 mm","70% Baumwolle, 30% Schurwolle"
Katia,Katia Cotton-Merino Plus,"5,85",Not available,4.5 / 5 mm,"70% Baumwolle, 30% Schurwolle"
Katia,Katia Cotton-Yak,"5,85",Not available,"3,5-4 mm","60% Baumwolle, 30% Wolle, 10% Yak"
Katia,Katia Degradé Sun,"4,87",Not available,"3-3,5 mm",100% Baumwolle
Katia,Katia Duomo,"5,85",Not available,4-5 mm,"66% Viskose, 34% Baumwolle"
Katia,Katia Fair Cotton,"4,62",Not available,"2,5-3,5 mm",100% Biologische Baumwolle
Katia,Katia Ingenious Big,"9,79",Not available,10-15 mm,"40% Acryl, 30% Mohair, 30% Polyamid"
Katia,Katia Ingenua,"7,82",Not available,"5-5,5 mm","78% Mohair, 13% Polyamid, 9% Merinowolle"
Katia,Katia Ingenua Tweed,"7,18",Not available,"4,5-5 mm","59% Mohair, 17% Baumwolle, 17% Polyamid, 7% Wolle"
Katia,Katia Jaipur Soft,"4,43",Not available,2-2.5 mm,100% Baumwolle
Katia,Katia Kena,"3,93",Not available,"4,5 - 5 mm","78% Alpakawolle, 22% Polyamid"
Katia,Katia Lagom,"5,85",Not available,4-5 mm,"47% Merinowol, 40% Katoen, 13% Polyamide"
Katia,Katia Lincys,"6,84",Not available,"3,5-4 mm",100% Leinen
Katia,Katia Love Denim,"6,39",Not available,6-8 mm,"95% Baumwolle, 5% Andere Fasern"
Katia,Katia Love Wool,"8,46",Not available,12-15 mm,"85% Wolle, 15% Alpakawolle"
Katia,Katia Magic Diamonds,"11,75",Not available,5-6 mm,"50% Wol, 42% Acryl, 8% Polyamide"
Katia,Katia Magic Diamonds Flash,"13,72",Not available,5-6 mm,"70% Wolle, 20% Acryl, 10% Polyamid"
Katia,Katia Maxi Merino,"5,85",Not available,"5,5-6 mm","55% Schurwolle, 45% Acryl"
Katia,Katia Melody Color,"13,72",Not available,"5,5-6 mm","90% Merinowolle, 10% Polyamid"
Katia,Katia Melody Jacquard Print,"14,70",Not available,"5,5-6 mm","90% Wolle, 10% Polyamid"
Katia,Katia Merino 100%,"5,41",Not available,"4-4,5 mm",100% Merinowolle
Katia,Katia Merino Aran,"6,84",Not available,"4,5-5,5 mm","52% Merinowolle, 48% Polyacryl"
Katia,Katia Merino Baby,"5,41",Not available,"3-3,5 mm",100% Merinowolle
Katia,Katia Merino Sport,"5,41",Not available,"5-5,5 mm",100% Merinowolle
Katia,Katia Merino Tweed,"4,87",Not available,"4,5-5,5 mm","51% Merinowolle, 43% Acryl, 6% Viskose"
Katia,Katia Montana,"5,85",Not available,"5,5-6 mm","32% Wolle, 22% Baumwolle, 21% Polyamid, 15% Viskose, 5% Alpakawolle, 5% Acryl"
Katia,Katia Neon,"17,21",Not available,4-5 mm,"50% Baumwolle, 50% Acryl"
Katia,Katia Pisco,"7,82",Not available,"4-4,5 mm","90% Alpakawolle, 10% Polyamid"
Katia,Katia Puno,"16,67",Not available,12-15 mm,"75% Alpaca, 25% Polyamide"
Katia,Katia Seta 50,"7,82",Not available,"3,5-4,5 mm","50% Zijde, 50% Viscose"
Katia,Katia Silky Lace,"7,47",Not available,"3-3,5 mm","80% Merino Wolle, 20% Seide"
Katia,Katia Tencel-Cotton,"3,44",Not available,3-4 mm,"67% Lyocell, 33% Baumwolle"
Katia,Katia Tout de Suite,"7,82",Not available,12-15 mm,"80% Acryl, 20% Wolle"
Katia,Katia Twisted Paint,"8,80",Not available,"6-6,5 mm",100% Acryl
Katia,Katia Ultralight Merino,"7,38",Not available,6-7 mm,"93% Merinowolle, 7% Polyamid"
Katia,Katia Ultrasoft,"5,41",Not available,"3-3,5 mm",100% Baumwolle
Katia,Katia Veganette,"5,41",Not available,"4-4,5 mm","90% Baumwolle, 10% Polyamid"
Katia,Katia Versailles,"4,43",Not available,"3,5-4 mm","97% Viskose, 2% Polyester, 1% Polyamid"
Lana Grossa,Lana Grossa Gomitolo Selezione 3,"9,79",Not available,4.5 - 5 mm,65% Katoen & 35% Polyacryl
Lana Grossa,Lana Grossa Gomitolo Selezione 2,"9,79",Not available,4.5 - 5 mm,75% Katoen & 25% Viscose
Lana Grossa,Lana Grossa Gomitolo Selezione 1,"9,79",Not available,4.5 - 5 mm,"80% Katoen, 10% Viscose & 10% Polyacrylic"
Lana Grossa,Lana Grossa Bacca,"5,85",Not available,4.5 - 5 mm,100% Baumwolle
Lana Grossa,Lana Grossa Cotone,"2,41",Not available,2.5 - 3.5 mm,100% Baumwolle
Lana Grossa,Lana Grossa Jolie,"5,85",Not available,5 - 5.5 mm,75% Katoen & 25% Polyamide
Lana Grossa,Lana Grossa Cara,"7,82",Not available,4-4.5 mm,"57% alpacawol, 33% katoen, 10% merinowol"
Lana Grossa,Lana Grossa Ecopuno Dégradé,"18,64",Not available,4-4.5 mm,"70% Katoen, 19% Merino Wol, 11% Alpaca"
Lana Grossa,Lana Grossa Alta Moda Cotolana,"6,39",Not available,"4,5 - 5 mm","45% Katoen, 45% Scheerwol Merino & 10% Polyamide"
Lana Grossa,Lana Grossa Più Bella,"7,82",Not available,5 mm,"50% alpaca, 20% polyamide, 15% kasjmier, 6% merinowol"
Lana Grossa,Lana Grossa Solo Lino Print,"11,75",Not available,3.5 - 4 mm,80% Gerecycleerde linnen (viscose) & 20% Linnen
Lana Grossa,Lana Grossa Aruba,"11,75",Not available,3.5 - 4 mm,72% Biologisch katoen & 28% Gerecycled polyamide
Lana Grossa,Lana Grossa Mare,"15,69",Not available,3-3.5 mm,"50% Linnen, 33% Zijde & 17% Katoen"
Lana Grossa,Lana Grossa Terra,"4,87",Not available,3.5 mm,58% Linnen & 42% Katoen
Lana Grossa,Lana Grossa Fashion Tweed,"6,84",Not available,4-5 mm,"71% Merinowolle, 17% Baby Alpaka, 12% Polyamid"
Lana Grossa,Lana Grossa Gomitolo Maya,"18,64",Not available,4.5-5 mm,"60% Virgin Wool, 40% Polyacryl"
Lana Grossa,Lana Grossa Meilenweit 6-Fach 150 Mouliné,"10,77",Not available,3-4 mm,"80% Wolle, 20% Polyamid"
Lana Grossa,Lana Grossa Meilenweit 6-Fach 150 Denim Mix,"9,79",Not available,3-4 mm,
Lana Grossa,Lana Grossa Meilenweit 100 Merino Christmas,"8,80",Not available,2.5-3 mm,"80% Scheerwol, 20% Polyamide"
Lana Grossa,Lana Grossa Meilenweit 100 Merino Christmas Lurex,"8,80",Not available,2.5-3 mm,"80% Scheerwol, 20% Polyamide"
Lana Grossa,Lana Grossa Meilenweit 100 Puzzle,"6,84",Not available,"2,5 - 3 mm","75% Wolle, 25% Polyamid"
Lana Grossa,Lana Grossa Meilenweit 100 Denim Mix,"6,84",Not available,"2,5-3 mm","75% Wolle, 25% Polyamid"
Lana Grossa,Lana Grossa Cool Merino Print,"7,82",Not available,"5,5-6 mm","90% Schurwolle (Merino), 10% Polyamid"
Lana Grossa,Lana Grossa Cool Merino Uni,"7,82",Not available,"5,5 - 6 mm","90% Schurwolle (Merino), 10% Polyamid"
Lana Grossa,Lana Grossa Puno Due,"8,80",Not available,"4 - 4,5 mm","63% Baumwolle, 37% Alpakawolle"
Lana Grossa,Lana Grossa Alpaca Moda,"8,80",Not available,6 - 7 mm,"74% Alpaca, 13% Merino, 13% Polyamide"
Lana Grossa,Lana Grossa Setasuri,"7,82",Not available,"3,5 - 4 mm","69% Alpaca, 31% Zijde"
Lana Grossa,Lana Grossa Ecopuno Tweed,"8,80",Not available,"4-4,5 mm","60% Baumwolle, 16% Polyester, 14% Alpaka, 10% Schurwolle Merino"
Lana Grossa,Lana Grossa Silkhair Haze Mélange,"7,82",Not available,"4,5 - 5 mm","70% Mohair, 30% Seide"
Lana Grossa,Lana Grossa Brigitte No.4,"7,82",Not available,4 - 5 mm,"80% Baumwolle, 20% Alpakawolle"
Lana Grossa,Lana Grossa Romanza Cotone,"5,85",Not available,"4-4,5 mm","54% Katoen, 23% Linnen, 23% Viscose"
Lana Grossa,Lana Grossa Alta Moda Cotolana Print,"14,70",Not available,"4,5-5 mm","45% Merinowolle, 45% Baumwolle, 10% Polyamid"
Lana Grossa,Lana Grossa Alessia,"5,85",Not available,"4,5-5 mm","76% Baumwolle, 20% Recyceltes Polyester, 4% Polyester"
Lana Grossa,Lana Grossa Amoroso,"12,74",Not available,4.5-5 mm,"33% Wolle 32% Acryl, 14% Seide, 14% Baumwolle, 7% Polyamid"
Lana Grossa,Lana Grossa Meilenweit 100 Solo Cotone Palma,"7,82",Not available,"3-3,5 mm","87% Baumwolle, 13% Polyester"
Lana Grossa,Lana Grossa Meilenweit 100 Cotton Bamboo Sabbia,"7,82",Not available,"2,5-3 mm","40% Baumwolle, 25% Schurwolle, 20% Viskose (Bambus), 8% Polyamid, 7% Polyester"
Lana Grossa,Lana Grossa Gomitolo Denim Graffiti,"24,54",Not available,"3,5-4 mm","80% Baumwolle, 20% Polyamid"
Lana Grossa,Lana Grossa Gomitolo Felice,"15,69",Not available,"4-4,5 mm","70% Katoen, 30% Viscose"
Lana Grossa,Lana Grossa Gomitolo Sole,"24,54",Not available,"4 - 4,5 mm","58% Viskose, 42% Baumwolle"
Lana Grossa,Lana Grossa Gomitolo Pazzo,"11,75",Not available,"4,5-5 mm","52% Katoen, 48% Acryl"
Lana Grossa,Lana Grossa Per Fortuna,"5,85",Not available,"4-4,5 mm","74% Baumwolle, 26% Recyceltes Polyamid"
Lana Grossa,Lana Grossa Allora,"8,80",Not available,"3-3,5 mm","76% Baumwolle, 14% Merinowolle, 10% Alpakawolle"
Lana Grossa,Lana Grossa Silkhair Haze Print,"16,62",Not available,"4,5-5 mm","70% Mohair, 30% Seide"
Lana Grossa,Lana Grossa Brigitte No.3 Color,"14,70",Not available,"5,5-6 mm","40% Mohair, 37% Merinowolle, 23% Polyamid"
Lana Grossa,Lana Grossa Cool Wool Hand-Dyed,"14,70",Not available,"3-3,5 mm",100% Merinowolle
Lana Grossa,Lana Grossa Ecopuno Hand-Dyed,"9,79",Not available,"4-4,5 mm","72% Baumwolle, 17% Schurwolle (Merino), 11% Alpaka"
Lana Grossa,Lana Grossa Gomitolo Bene,"17,65",Not available,4.5-5 mm,"60% Schurwolle, 40% Polyacryl"
Lana Grossa,Lana Grossa Gomitolo Finito,"24,54",Not available,4.5-5 mm,100% Merinowolle
Lana Grossa,Lana Grossa Landlust Winterwolle,"8,80",Not available,8-9 mm,"50% Merinowolle, 35% Baumwolle, 15% Yak"
Lana Grossa,Lana Grossa Meilenweit 100 Merino Hand-Dyed,"13,72",Not available,"2,5-3 mm","80% Schurwolle (Merino), 20% Polyamid"
Lana Grossa,Lana Grossa Nuvoletta,"7,82",Not available,4-5 mm,"42% Alpakawolle, 42% Merinowolle, 16% Polyamid"
Lana Grossa,Lana Grossa Silkhair Hand-Dyed,"18,59",Not available,"4-4,5 mm","70% Mohair, 30% Seide"
Lana Grossa,Lana Grossa Silkhair Degrade,"16,62",Not available,"4,5-5 mm","70% Mohair, 30% Seide"
Lana Grossa,Lana Grossa Gomitolo Versione,"19,62",Not available,"4,5-5 mm","60% Wolle, 40% Polyacryl"
Lana Grossa,Lana Grossa About Berlin Yak Salt,"11,75",Not available,2.5-3 mm,"65% Wolle, 25% Polyamid, 10% Yak"
Lana Grossa,Lana Grossa Bingo Mélange (GOTS),"5,85",Not available,4.5-5.5 mm,100% Merinowolle
Lana Grossa,Lana Grossa Colorissimo,"12,74",Not available,4.5-5 mm,100% Merinowolle
Lana Grossa,Lana Grossa Cool Wool Big Mélange (GOTS),"5,85",Not available,3.5-4 mm,100% Merinowolle
Lana Grossa,Lana Grossa Cool Wool Lace,"5,85",Not available,2-3 mm,100% Merinowolle
Lana Grossa,Lana Grossa Cool Wool Mélange (GOTS),"5,85",Not available,3-3.5 mm,100% Merinowolle
Lana Grossa,Lana Grossa Meilenweit 100 Nessel Everest,"7,82",Not available,2.5-3 mm,"70% Wolle, 20% Polyamid, 10% Nessel"
Lana Grossa,Lana Grossa Meilenweit 100 Sorbetto,"9,79",Not available,2.5-3 mm,"75% Wolle, 25% Polyamid"
Lana Grossa,Lana Grossa Silkhair Haze Dégradé,"16,62",Not available,"4,5-5 mm","70% Mohair, 30% Seide"
Lana Grossa,Lana Grossa 365 Cotone,"4,87",Not available,"4,5-5 mm","88% Katoen, 12% Polyamide"
Lana Grossa,Lana Grossa 365 Yak,"6,84",Not available,"5-5,5 mm","66% Baumwolle, 12% Yak, 22% Polyamid"
Lana Grossa,Lana Grossa A Mano,"4,87",Not available,"4,5-5 mm",100% Biologische Baumwolle
Lana Grossa,Lana Grossa About Berlin Funky,"6,84",Not available,4.5-5 mm,"83% Baumwolle, 17% Polyamid"
Lana Grossa,Lana Grossa Alcanto,"7,82",Not available,7-8 mm,"70% Polyester, 30% Polyamide"
Lana Grossa,Lana Grossa Alpaca Peru 200,"8,80",Not available,"3,5 mm",100% Alpakawolle
Lana Grossa,Lana Grossa Alta Moda Alpaca,"6,84",Not available,5-6 mm,"90% Baby Alpaca, 5% Scheerwol, 5% Polyamide"
Lana Grossa,Lana Grossa Anima,"7,82",Not available,5 - 6 mm,"15% Polyamid, 34% Baumwolle, 51% Alpakawolle"
Lana Grossa,Lana Grossa Arioso,"7,82",Not available,6 mm,46% Baby alpaca - 30% Merino wol - 24% Nylon
Lana Grossa,Lana Grossa Benessere,"6,84",Not available,6-7 mm,"45% Baumwolle, 32% Alpakawolle, 23% Polyamid"
Lana Grossa,Lana Grossa Bingo,"5,85",Not available,"4,5-5,5 mm",100% Merinowolle
Lana Grossa,Lana Grossa Brigitte No.2,"7,82",Not available,"6-6,5 mm","47% Alpakawolle, 45% Baumwolle, 8% Wolle"
Lana Grossa,Lana Grossa Brigitte No.3,"6,84",Not available,"5,5-6 mm","40% Mohair, 37% Merinowolle, 23% Polyamid"
Lana Grossa,Lana Grossa Capri,"5,41",Not available,"3,5-4 mm","55% Baumwolle, 30% Polyamid, 15% Seide"
Lana Grossa,Lana Grossa Cashseta,"6,84",Not available,7 mm,"40% Modal, 30% Polyamid, 15% Kaschmir, 15% Seide"
Lana Grossa,Lana Grossa Certo,"5,85",Not available,"6-6,5 mm",100% Baumwolle
Lana Grossa,Lana Grossa Chilly,"6,84",Not available,6-7 mm,100% Leinen
Lana Grossa,Lana Grossa Cool Air,"7,82",Not available,6-7 mm,"55% Merinowolle, 33% Alpacawolle, 12% Polyamid"
Lana Grossa,Lana Grossa Cool Cotton,"4,43",Not available,"5-5,5 mm","93% Baumwolle, 7% Polyester (Elitè)"
Lana Grossa,Lana Grossa Cool Wool,"5,85",Not available,"3-3,5 mm",100% Merinowolle
Lana Grossa,Lana Grossa Cool Wool Big,"5,41",Not available,"3,5-4 mm",100% Merinowolle
Lana Grossa,Lana Grossa Cool Wool Big Melange,"5,85",Not available,"3,5-4 mm",100% Merinowolle
Lana Grossa,Lana Grossa Cool Wool Fine,"5,41",Not available,"2,5-3 mm",100% Merinowolle
Lana Grossa,Lana Grossa Cool Wool Melange,"5,41",Not available,"3,5-4 mm",100% Wolle
Lana Grossa,Lana Grossa Cotton Mix 130,"2,90",Not available,"3,5-4 mm","50% Baumwolle, 50% Acryl"
Lana Grossa,Lana Grossa Cotton Style,"5,41",Not available,8 mm,100% Baumwolle
Lana Grossa,Lana Grossa Di Moda,"6,84",Not available,"5-5,5 mm","82% Viskose, 18% Polyester"
Lana Grossa,Lana Grossa Difuso,"6,84",Not available,"4-4,5 mm","75% Baumwolle, 25% Polyester"
Lana Grossa,Lana Grossa Ecopuno,"8,80",Not available,"4-4,5 mm","72% Baumwolle, 17% Merino, 11% Alpakawolle"
Lana Grossa,Lana Grossa Elastico,"4,87",Not available,"3,5-4,5 mm","96% Baumwolle, 4% Polyester"
Lana Grossa,Lana Grossa Fatto,"7,82",Not available,6 mm,"62% Merinowolle, 26% Mohair, 12% Polyamid"
Lana Grossa,Lana Grossa Feltro,"3,44",Not available,8 mm,100% Wolle
Lana Grossa,Lana Grossa Fourseason,"9,79",Not available,"5,5-6 mm","45% Wol, 40% Katoen, 15% Kasjmier"
Lana Grossa,Lana Grossa Fusione,"6,84",Not available,"6-6,5 mm","30% Baumwolle, 26% Wolle, 25% Alpaka, 19% Polyamid"
Lana Grossa,Lana Grossa Gioia,"9,79",Not available,3.5-4 mm,"50% Wolle, 50% Acryl"
Lana Grossa,Lana Grossa Gomitolo Aloha,"9,79",Not available,"4,5-5 mm","50% Baumwolle, 50% Viskose"
Lana Grossa,Lana Grossa Gomitolo Denim,"24,54",Not available,"3,5-4 mm","80% Baumwolle, 20% Polyamid"
Lana Grossa,Lana Grossa Gomitolo Duo 250,"9,79",Not available,3-4 mm,"45% Wol, 30% Viscose, 25% Polyamide"
Lana Grossa,Lana Grossa Gomitolo Duo 400,"9,79",Not available,"2,5-3 mm","45% Wol, 30% Viscose, 25% Polyamide"
Lana Grossa,Lana Grossa Gomitolo Mezzo,"3,88",Not available,6 mm,"50% Polyacryl, 50% Wol"
Lana Grossa,Lana Grossa Gomitolo Molto,"17,65",Not available,"4,5-5 mm","60% Wolle, 40% Polyacryl"
Lana Grossa,Lana Grossa Gomitolo Puno,"24,54",Not available,4 mm,"70% Baumwolle, 19% Merinowolle, 11% Alpakawolle"
Lana Grossa,Lana Grossa Gomitolo Silkhair,"29,01",Not available,"4,5 - 5 mm","65% Mohair, 30% Seide, 5 % Merinowolle"
Lana Grossa,Lana Grossa Gomitolo Summer Tweed,"11,75",Not available,"3,5-4 mm","72% Baumwolle, 20% Viskose, 8% Polyamid"
Lana Grossa,Lana Grossa Lala Berlin Chunky,"8,80",Not available,8-9 mm,"80% Wolle, 15% Seide, 5% Polyamid"
Lana Grossa,Lana Grossa Lala Berlin Furry,"7,82",Not available,8-10 mm,"90% Alpakawolle, 10% Polyamid"
Lana Grossa,Lana Grossa Lala Berlin Lovely Cashmere,"9,79",Not available,8-10 mm,"60% Kaschmir, 25% Polyamid, 15% Wolle"
Lana Grossa,Lana Grossa LaLa Berlin Lovely Fine Tweed,"8,80",Not available,7 mm,"37% Alpaca, 35% Polyamide, 26% Merino wol, 2% Viscose"
Lana Grossa,Lana Grossa Lala Berlin Softness,"7,82",Not available,9 mm,"40% Polyamide, 40% Wol, 20% Mohair"
Lana Grossa,Lana Grossa Landlust Merino 120,"7,82",Not available,7-8 mm,"94% Merino wol, 6% Polyamide"
Lana Grossa,Lana Grossa Landlust Merino 180,"7,82",Not available,5 mm,"94% Merino wol, 6% Polyamide"
Lana Grossa,Lana Grossa Landlust Sommerseide,"6,84",Not available,"3,5-4 mm","50% Seide, 50% Baumwolle"
Lana Grossa,Lana Grossa Linarte,"4,43",Not available,"4-4,5 mm","40% Viskose, 30% Baumwolle, 20% Leinen, 10% Polyamid"
Lana Grossa,Lana Grossa Lunare,"5,85",Not available,6-7 mm,"58% Polyester, 42% Katoen"
Lana Grossa,Lana Grossa Mary's Tweed,"7,82",Not available,5 mm,"33% Alpakawolle, 30% Wolle, 25% Polyamid, 11% Seide"
Lana Grossa,Lana Grossa Meilenweit 100 1:1 Riga,"7,82",Not available,"2,5-3 mm","80%Wol, 20%Polyamide"
Lana Grossa,Lana Grossa Meilenweit 100 Cotton Bamboo Spot,"7,82",Not available,2.5-3 mm,"40% Baumwolle, 25% Wolle, 20% Bambus, 8% Polyamid, 7% Polyester"
Lana Grossa,Lana Grossa Meilenweit 100 Soja,"7,82",Not available,"2,5-3 mm","60% Wol, 20% Polyamide, 20% Soja (Viscose)"
Lana Grossa,Lana Grossa Meilenweit 6-Fach 150 Mélange,"9,79",Not available,3-4 mm,"80% Wolle, 20% Polyamid"
Lana Grossa,Lana Grossa Meilenweit 6-Fach 150 Tweed,"10,77",Not available,3-4 mm,"80% Wolle, 20% Polyamid"
Lana Grossa,Lana Grossa Meilenweit 6-Fach 150 Unito,"8,80",Not available,3-4 mm,"80% Wolle, 20% Polyamid"
Lana Grossa,Lana Grossa Merino Uno,"4,43",Not available,"4,5-5 mm",100% Merinowolle
Lana Grossa,Lana Grossa Mia,"6,84",Not available,"5-5,5 mm","30% Mohair, 26% Wolle, 25% Seide, 19% Polyamid"
Lana Grossa,Lana Grossa Micio,"6,84",Not available,7-8 mm,"25% Polyamide, 60% Wol, 15% Kamelenhaar"
Lana Grossa,Lana Grossa Mirror Shades,"24,54",Not available,4-5 mm,"50% Baumwolle, 50% Merinowolle"
Lana Grossa,Lana Grossa Mohairnuovo,"5,85",Not available,6 mm,"12% Polyamid, 44% Alpakawolle, 44% Mohair"
Lana Grossa,Lana Grossa Olympia,"7,82",Not available,8-10 mm,"53% Wolle, 47% Acryl"
Lana Grossa,Lana Grossa Organico Uni,"4,87",Not available,"5-5,5 mm",100% Biologische Baumwolle
Lana Grossa,Lana Grossa Piuma,"7,82",Not available,7-8 mm,"75% Wolle, 15% Alpakawolle, 10% Polyamid"
Lana Grossa,Lana Grossa Ragazza Lei Uni,"3,88",Not available,12 mm,100% Wolle
Lana Grossa,Lana Grossa Scala,"6,39",Not available,6 mm,"39% Polyacryl, 27% Wolle, 22% Polyester, 12% Viskose"
Lana Grossa,Lana Grossa Seta,"9,79",Not available,5-6 mm,"40% Baumwolle, 60% Seide"
Lana Grossa,Lana Grossa Shades Of Cotton,"19,62",Not available,"3,5-4 mm",100% Baumwolle
Lana Grossa,Lana Grossa Silkhair,"8,80",Not available,"4,5-5 mm","70% Mohair, 30% Seide"
Lana Grossa,Lana Grossa Slow Wool Lino,"13,72",Not available,"3,5-4 mm","85% Merinowolle, 15% Leinen"
Lana Grossa,Lana Grossa Soft Cotton,"3,88",Not available,"3,5-4,5 mm","70% Baumwolle, 30% Polyacryl"
Lana Grossa,Lana Grossa Soft Cotton Big,"3,88",Not available,"5,5-6 mm","70% Baumwolle, 30% Acryl"
Lana Grossa,Lana Grossa Solo Lino,"5,41",Not available,"3,5-4 mm","80% Gerecycleerde linnen (Viscose), 20% Linnen"
Lana Grossa,Lana Grossa Sparkly,"6,84",Not available,6-7 mm,"82% Katoen, 18% Polyester"
Lana Grossa,Lana Grossa Stromboli,"5,85",Not available,3-4 mm,"60% Baumwolle, 15% Polyamid, 15% Viskose, 10% Seide"
Lana Grossa,Lana Grossa Tre Seta,"9,79",Not available,"4,5-5 mm","40% Wolle, 35% Seide, 20% Alpakawolle, 5% Viskose"
Lana Grossa,Lana Grossa Tropico,"7,82",Not available,5 mm,"70% Baumwolle, 30% Merinowolle"
Lana Grossa,Lana Grossa Tutti,"19,62",Not available,5 mm,"25% Mohair, 25% Alpaka, 20% Schurwolle, 30% Nylon"
Lana Grossa,Lana Grossa Twisted Merino Cotton,"29,45",Not available,4-5 mm,"50% Baumwolle, 50% Merinowolle"
Lana Grossa,Lana Grossa Twisted Summer Shades,"24,54",Not available,"3,5-4 mm",100% Baumwolle
Lang Yarns,Lang Yarns Twin Silk,"13,72",Not available,2.5 - 3.5 mm,"55% Wol, 25% Zijde & 20% Polyamide"
Lang Yarns,Lang Yarns Atlantis,"3,88",Not available,3.5 - 4 mm,60% Onbewerkt wol & 40% Acryl
Lang Yarns,Lang Yarns Wooladdicts Pride,"10,77",Not available,"3,5 - 4 mm","40% Linnen, 32% Katoen & 28% Viscose"
Lang Yarns,Lang Yarns Wooladdicts Joy,"5,85",Not available,"5 - 5,5 mm",50% Organic Katoen & 50% Lyocell
Lang Yarns,Lang Yarns Lotus,"8,80",Not available,"3 - 3,5 mm",60% Katoen & 40% Kasjmier
Lang Yarns,Lang Yarns Carly,"5,85",Not available,"3 - 3,5 mm",80% Katoen & 20% Nylon
Lang Yarns,Lang Yarns Aura,"6,84",Not available,4 - 5 mm,81% Katoen & 19% Nylon
Lang Yarns,Lang Yarns Regina,"9,79",Not available,"3,5 - 4 mm",
Lang Yarns,Lang Yarns Crealino,"7,82",Not available,3 - 4 mm,
Lang Yarns,Lang Yarns Linello,"12,74",Not available,"3,5 - 4 mm","40% Linnen, 32% Katoen & 28% Viscose"
Lang Yarns,Lang Yarns Wooladdicts Hope,"9,79",Not available,9-10 mm,100% Merinowolle
Lang Yarns,Lang Yarns Wooladdicts Glory,"8,36",Not available,7-8 mm,100% Merinowolle
Lang Yarns,Lang Yarns London,"5,85",Not available,"4,5-5 mm","70% Wolle, 30% Acryl"
Lang Yarns,Lang Yarns Mille Colori Socks & Lace,"9,79",Not available,"2,5-3,5 mm","75% Wolle, 25% Polyamid"
Lang Yarns,Lang Yarns Airolo,"8,36",Not available,5.5-6 mm,100% Wolle
Lang Yarns,Lang Yarns Anouk,"8,80",Not available,8-9 mm,"50% Baby Alpaca, 50% Acryl"
Lang Yarns,Lang Yarns Baby Alpaca,"9,34",Not available,3 mm,100% Alpakawolle
Lang Yarns,Lang Yarns Cashmere Cotton,"9,79",Not available,3.5-4.5 mm,"55% Kaschmir, 45% Baumwolle"
Lang Yarns,Lang Yarns Cashmere Lace,"15,74",Not available,3-3.5 mm,100% Kaschmir
Lang Yarns,Lang Yarns Copenhagen,"6,39",Not available,4.5-5 mm,100% Baumwolle
Lang Yarns,Lang Yarns Duke,"8,80",Not available,8 mm,"65% Merinowolle, 20% Baby Alpakawolle, 15% Seide"
Lang Yarns,Lang Yarns Extra Ecru,"3,69",Not available,"1-1,5 mm",100% Baumwolle
Lang Yarns,Lang Yarns Fantomas,"3,88",Not available,3-3.5 mm,"75% Wolle, 25% Polyamid"
Lang Yarns,Lang Yarns Golf,"3,69",Not available,3-4 mm,100% Baumwolle
Lang Yarns,Lang Yarns Gordon,"11,75",Not available,4 mm,"92% Merinowolle, 8% Kaschmir"
Lang Yarns,Lang Yarns Handarbeitsgarn,"2,46",Not available,3.5-4.5 mm,100% Baumwolle
Lang Yarns,Lang Yarns Handarbeitsgarn Color,"2,90",Not available,3.5-4.5 mm,100% Baumwolle
Lang Yarns,Lang Yarns Lyonel,"10,77",Not available,9 mm,"86% Wolle, 14% Acryl"
Lang Yarns,Lang Yarns Malou Luxe,"9,79",Not available,6-7 mm,"54% Alpakawolle, 23% Nylon, 14% Schurwolle, 9% Polyester"
Lang Yarns,Lang Yarns Marisa,"4,87",Not available,2-3 mm,100% Baumwolle
Lang Yarns,Lang Yarns Marlene Luxe,"6,84",Not available,4-4.5 mm,"55% Baumwolle, 40% Polyamid, 5% Polyester"
Lang Yarns,Lang Yarns Mohair Luxe Paillettes,"14,70",Not available,3-3.5 mm,"41% Superkid Mohair, 37% Wolle, 20% Seide, 2% Polyester"
Lang Yarns,Lang Yarns Omega +,"3,15",Not available,"5-5,5 mm","50% Polyamid, 50% Acryl"
Lang Yarns,Lang Yarns Oslo,"6,84",Not available,3-3.5 mm,"46% merino, 42% katoen, 12% kameel"
Lang Yarns,Lang Yarns Super Soxx 6-ply,"10,33",Not available,3-4 mm,"75% Wolle, 25% Polyamid"
Lang Yarns,Lang Yarns Super Soxx Cashmere Color,"14,70",Not available,2.5-3.5 mm,"65% Wolle, 25% Polyamid, 10% Kaschmir"
Lang Yarns,Lang Yarns Tissa Color,"4,62",Not available,3.5-4.5 mm,100% Baumwolle
Lang Yarns,Lang Yarns Touring,"4,13",Not available,4-5 mm,"75% Wolle, 25% Polyamid"
Lang Yarns,Lang Yarns Alpaca Superlight,"4,87",Not available,"3,5 - 4 mm","54% Alpakawolle, 24% Polyamid, 22% Wolle"
Lang Yarns,Lang Yarns Amira,"6,84",Not available,"5,5-6 mm","93% Baumwolle, 7% Polyamid"
Lang Yarns,Lang Yarns Angelina,"7,82",Not available,"4,5 mm","60% Seide, 40% Merinowolle"
Lang Yarns,Lang Yarns Ayumi,"22,57",Not available,"2,5-3,5 mm","77% Baumwolle, 23% Polyamid"
Lang Yarns,Lang Yarns Baby Cotton,"4,87",Not available,"2,5-3 mm",100% Baumwolle
Lang Yarns,Lang Yarns Bloom,"17,65",Not available,"3-3,5 mm","70% Baumwolle, 18% Viskose, 12% Leinen"
Lang Yarns,Lang Yarns Canapa,"4,87",Not available,3 mm,100% Hanf
Lang Yarns,Lang Yarns Carina,"8,80",Not available,"5-5,5 mm","63% Alpakawolle, 37% Nylon"
Lang Yarns,Lang Yarns Carpe Diem,"7,38",Not available,6 mm,"70% Merinowol, 30% Alpaca"
Lang Yarns,Lang Yarns Cashmerino For Babies and More,"6,84",Not available,"3-3,5 mm","55% Merinowolle, 33% Acryl, 12% Kaschmir"
Lang Yarns,Lang Yarns Corso,"6,84",Not available,"4,5-5 mm",100% Baumwolle
Lang Yarns,Lang Yarns Dipinto,"9,79",Not available,"3 - 3,5 mm","50% Wolle, 50% Acryl"
Lang Yarns,Lang Yarns Divina,"7,82",Not available,4 mm,"50% Modal, 40% Baumwolle, 10% Seide"
Lang Yarns,Lang Yarns Donegal,"10,77",Not available,"3,5-4 mm",100% Merinowolle
Lang Yarns,Lang Yarns Ella,"5,85",Not available,"4,5-5 mm","38% Baumwolle, 30% Polyester, 26% Viskose, 6% Polyamid"
Lang Yarns,Lang Yarns Gaia,"5,41",Not available,3-4 mm,100% Baumwolle
Lang Yarns,Lang Yarns Janet,"5,85",Not available,"4-4,5 mm","50% Baumwolle, 50% Polyamid"
Lang Yarns,Lang Yarns Jawoll Superwash,"4,43",Not available,"2,5 - 3,5 mm","75% Wolle, 25% Polyamid"
Lang Yarns,Lang Yarns Kim,"6,39",Not available,10-12 mm,
Lang Yarns,Lang Yarns Kylie,"7,82",Not available,4 mm,"56% Baumwolle, 25% Seide, 13% Wolle, 6% Viskose"
Lang Yarns,Lang Yarns Lace,"12,74",Not available,"3-3,5 mm","58% Mohair, 42% Seide"
Lang Yarns,Lang Yarns Wooladdicts Liberty,"6,84",Not available,6 mm,100% Katoen (Pima)
Lang Yarns,Lang Yarns Lino,"8,06",Not available,"4,5-5 mm",100% Leinen
Lang Yarns,Lang Yarns Luna,"9,79",Not available,6-7 mm,"90% Alpakawolle, 10% Polyamid"
Lang Yarns,Lang Yarns Lusso,"9,79",Not available,"3 - 3,5 mm","36% Merino wol, 27% Zijde, 19% Kameel, 18% Mohair"
Lang Yarns,Lang Yarns Malou,"9,79",Not available,7-8 mm,"70% Baby Alpaca, 10% Wol, 20% Polyamide"
Lang Yarns,Lang Yarns Malou Light,"12,29",Not available,"4,5-5 mm","72% Baby Alpakawolle, 16% Polyamid, 12% Wolle"
Lang Yarns,Lang Yarns Marlene,"5,85",Not available,"4-4,5 mm","70% Baumwolle, 30% Polyamid"
Lang Yarns,Lang Yarns Merino 120,"5,65",Not available,"3,5-4,5 mm",100% Merinowolle
Lang Yarns,Lang Yarns Merino 130 Compact,"6,84",Not available,"3,5-4 mm",100% Merinowolle
Lang Yarns,Lang Yarns Merino 150,"5,65",Not available,"3-3,5 mm",100% Merinowolle
Lang Yarns,Lang Yarns Merino 200 Bebe,"5,65",Not available,"2,5-3,5 mm",100% Merinowolle
Lang Yarns,Lang Yarns Merino 50,"10,77",Not available,9 mm,"98% Merinowolle, 2% Polyester"
Lang Yarns,Lang Yarns Merino 70,"5,65",Not available,6-7 mm,"98% Merinowolle, 2% Polyester"
Lang Yarns,Lang Yarns Merino+,"5,65",Not available,"4,5-5,5 mm",100% Merinowolle
Lang Yarns,Lang Yarns Mille Colori 200 Gr.,"19,62",Not available,6 mm,"50% Wolle, 50% Polyacryl"
Lang Yarns,Lang Yarns Mille Colori Socks & Lace Luxe,"11,75",Not available,"2,5-3,5 mm","73% Schurwolle, 25% Polyamid, 2% Polyester"
Lang Yarns,Lang Yarns Milton,"9,79",Not available,"3,5-4 mm","37% Baumwolle, 36% Acryl, 27% Viskose"
Lang Yarns,Lang Yarns Mohair Luxe,"9,79",Not available,"3-3,5 mm","77% Mohair, 23% Seide"
Lang Yarns,Lang Yarns Mohair Trend,"9,79",Not available,"5-5,5 mm","70% Mohair, 30% Seide"
Lang Yarns,Lang Yarns Mulberry Silk,"16,67",Not available,3-3.5 mm,100% Seide
Lang Yarns,Lang Yarns Nova,"7,82",Not available,"4,5-5 mm",48% Merino - 32% Kameel (baby) - 20% Polyamide
Lang Yarns,Lang Yarns Novena,"4,43",Not available,"4,5-5 mm","50% Merinowolle, 30% Baby Alpakawolle, 20% Nylon"
Lang Yarns,Lang Yarns Omega,"3,15",Not available,"3,5-4,5 mm","50% Polyamid, 50% Acryl"
Lang Yarns,Lang Yarns Origami,"6,39",Not available,"4,5-5 mm",100% Baumwolle
Lang Yarns,Lang Yarns Passione,"5,41",Not available,4.5 mm,"82% Alpakawolle, 16% Polyamid, 2% Elastan"
Lang Yarns,Lang Yarns Puno,"49,08",Not available,"2,5-3 mm","55% Merino Wol, 30% Baby Alpaca, 15% Zijde"
Lang Yarns,Lang Yarns Quattro,"2,46",Not available,3-4 mm,100% Baumwolle
Lang Yarns,Lang Yarns Soft Cotton,"5,41",Not available,"4-4,5 mm",100% Baumwolle
Lang Yarns,Lang Yarns Softhair,"9,79",Not available,10-12 mm,"82% Viscose, 18% Nylon"
Lang Yarns,Lang Yarns Stockholm,"3,88",Not available,"4,5 - 5 mm","60% Wolle, 40% Polyacryl"
Lang Yarns,Lang Yarns Super Soxx Color 4-PLY,"7,82",Not available,"2,5-3,5 mm","75% Schurwolle, 25% Polyamid"
Lang Yarns,Lang Yarns Tissa,"4,13",Not available,"3,5-4,5 mm",100% Baumwolle
Lang Yarns,Lang Yarns Twin Soxx Streetsoxx 4-PLY,"7,82",Not available,"2,5-3,5 mm","75% Wolle, 25% Polyamid"
Lang Yarns,Lang Yarns Valerie,"8,80",Not available,"4 - 4,5 mm","66% Schurwolle, 34% Nylon"
Lang Yarns,Lang Yarns Viva,"6,84",Not available,"4,5-5 mm",100% Merinowolle
Lang Yarns,Lang Yarns Wooladdicts Air,"7,82",Not available,"5 - 5,5 mm","84% Merino wol, 16% Polyamide"
Lang Yarns,Lang Yarns Wooladdicts Earth,"6,84",Not available,"5,5 - 6 mm","50% Alpaca wol, 35% Acryl, 15% Wol"
Lang Yarns,Lang Yarns Wooladdicts Faith,"9,79",Not available,"5,5 mm","77% Merinowolle, 23% Polyamid"
Lang Yarns,Lang Yarns Wooladdicts Fire,"16,67",Not available,9 mm,"98% Merinowolle, 2% Polyester"
Lang Yarns,Lang Yarns Wooladdicts Happiness,"7,82",Not available,"5-5,5 mm","65% Baumwolle, 35% Polyamid"
Lang Yarns,Lang Yarns Wooladdicts Love,"4,51",Not available,4 mm,"92% Merinowolle, 8% Polyamid"
Lang Yarns,Lang Yarns Wooladdicts Respect,"7,82",Not available,5 mm,"42% Merinowolle, 30% Alpakawolle, 28% Polyamid"
Lang Yarns,Lang Yarns Wooladdicts Sunshine,"7,38",Not available,"4,5-5 mm",100% Baumwolle
Lang Yarns,Lang Yarns Wooladdicts Trust,"9,79",Not available,8 mm,"55% Alpakawolle, 45% Merinowolle"
Lang Yarns,Lang Yarns Wooladdicts Water,"10,77",Not available,"4,5 - 5 mm",100% Alpakawolle
Lang Yarns,Lang Yarns Yara,"8,80",Not available,"4-4,5 mm","41% Katoen, 33% Mohair,14% Merino wol, 11% Polyamide, 1% Elastaan"
Lang Yarns,Lang Yarns Young,"18,64",Not available,20 mm,100% Merinowolle
Phildar,Phildar Phil Perle 5,"3,24",Not available,"2 - 2,5 mm",100% Baumwolle
Phildar,Phildar Phil Tutti Frutti,"5,69",Not available,4 mm,"40% katoen, 60% polyamide"
Phildar,Phildar Phil Ocean,"5,10",Not available,3.5 mm,"51% katoen, 49% polyester"
Phildar,Phildar Phil Green,"5,79",Not available,5 mm,"70% biologisch katoen, 30% gerecyclede polyamide"
Phildar,Phildar Phil Eucalyptus,"6,19",Not available,6 mm,100% lyocell (eucalyptus)
Phildar,Phildar Phil Bonbon,"5,79",Not available,7 mm,"38% Acryl, 34% Katoen & 28% Polyamide"
Phildar,Phildar Phil Berlingot,"4,22",Not available,3.5 mm,"60% Katoen, 8% Polyester & 32% Viscose"
Phildar,Phildar Frimas,"5,69",Not available,"5,5-6 mm","50% Baumwolle, 50% Wolle"
Phildar,Phildar Lambswool,"3,92",Not available,"2,5-3 mm","51% Lammwolle, 49% Acryl"
Phildar,Phildar Nebuleuse,"5,69",Not available,6-7 mm,"41% Wolle, 41% Acryl, 18% Polyamid"
Phildar,Phildar Partner 3.5,"3,53",Not available,"3-3,5 mm","50% Polyamid, 25% Wolle, 25% Acryl"
Phildar,Phildar Partner 6,"3,92",Not available,5-6 mm,"50% Polyamid (Nylon), 25% Wolle, 25% Acryl"
Phildar,Phildar Partner Baby,"3,53",Not available,"2-2,5 mm","50% Polyamid (Nylon), 25% Wolle, 25% Acryl"
Phildar,Phildar Phil Air Perou,"9,04",Not available,6 mm,"70% Alpakawolle, 7% Wolle, 23% Polyamid"
Phildar,Phildar Phil Baby Doll,"5,20",Not available,4 mm,"60% Polyamid, 40% Baumwolle"
Phildar,Phildar Phil Beaugency,"5,50",Not available,5 mm,"55% Nylon, 25% Acryl, 20% Wolle"
Phildar,Phildar Phil Brillant,"3,43",Not available,"2,5-3 mm","85% Viskose, 15% Polyester"
Phildar,Phildar Phil Cabotine,"3,53",Not available,3.5 mm,"55% Acryl, 45% Baumwolle"
Phildar,Phildar Phil Caresse,"3,92",Not available,4 mm,"51% Acryl, 49% Polyamid"
Phildar,Phildar Phil Charme,"6,09",Not available,"3,5-4 mm","50% Mohair, 50% Acryl"
Phildar,Phildar Phil Corde,"8,64",Not available,7 mm,100% Baumwolle
Phildar,Phildar Phil Coton 2,"2,16",Not available,2 mm,100% Baumwolle
Phildar,Phildar Phil Coton 3,"2,45",Not available,"2,5-3 mm",100% Baumwolle
Phildar,Phildar Phil Coton 4,"2,94",Not available,"3,5-4 mm",100% Baumwolle
Phildar,Phildar Phil Degrade,"4,71",Not available,4.5 mm,100% Baumwolle
Phildar,Phildar Phil Detente,"3,24",Not available,"3-3,5 mm","93% Acryl, 7% Elastan"
Phildar,Phildar Phil Douce,"5,40",Not available,"4,5-5 mm",100% Polyester
Phildar,Phildar Phil Ecocoton,"4,42",Not available,3 mm,100% Baumwolle
Phildar,Phildar Phil Ecojean,"4,91",Not available,4 mm,"48% Baumwolle, 47% Polyester, 5% Fasern"
Phildar,Phildar Phil Express,"7,86",Not available,12 mm,"80% Acryl, 20% Wolle"
Phildar,Phildar Phil Falaise,"4,87",Not available,4 mm,"80% Baumwolle, 20% Polyamid"
Phildar,Phildar Phil Frénésie,"5,36",Not available,"3,5-4 mm","37% Katoen, 26% Wol, 15% Polyamide, 12% Mohair, 10% Viscose"
Phildar,Phildar Phil Gardening,"5,69",Not available,"6,5 mm","53% Acryl, 37% Wolle,10% Alpakawolle"
Phildar,Phildar Phil Gourmand,"5,69",Not available,"4,5 mm","65% Polyamid, 35% Acryl"
Phildar,Phildar Phil Guimauve,"3,73",Not available,9 mm,"45% Wolle, 45% Acryl, 10% Nylon"
Phildar,Phildar Phil Irlandais,"3,73",Not available,5 mm,"51% Wolle, 49% Acryl"
Phildar,Phildar Phil Laine Cachemire,"6,38",Not available,"3,5 mm","80% Wolle, 20% Kaschmir"
Phildar,Phildar Phil Light,"3,92",Not available,5-6 mm,"53% Acryl, 29% Polyamid, 18% Wolle"
Phildar,Phildar Phil Looping,"4,12",Not available,6 mm,"80% Acryl, 20% Wolle"
Phildar,Phildar Phil Love Cotton,"3,43",Not available,3.5 mm,100% Baumwolle
Phildar,Phildar Phil Maxi Mohair,"5,89",Not available,8 mm,"40% Acryl, 30% Polyamid, 30% Mohair"
Phildar,Phildar Phil Merinos 3.5,"5,20",Not available,3.5 mm,100% Merinowolle
Phildar,Phildar Phil Merinos 6,"5,40",Not available,6 mm,100% Merinowolle
Phildar,Phildar Phil Mikado,"7,17",Not available,"4,5-5 mm","30% Wolle, 70% Acryl"
Phildar,Phildar Phil Nature,"4,91",Not available,"3,5 mm","48% Baumwolle, 28% Viskose, 24% Leinen"
Phildar,Phildar Phil Naturel,"9,74",Not available,20 mm,"85% Wolle, 15% Alpakawolle"
Phildar,Phildar Phil Nuage,"8,84",Not available,"5,5-6 mm","72% Merinowolle, 28% Polyamid"
Phildar,Phildar Phil Otello,"5,69",Not available,3.5 mm,100% Wolle
Phildar,Phildar Phil Petillant,"4,61",Not available,"4,5 mm",100% Baumwolle
Phildar,Phildar Phil Pima,"7,37",Not available,5 mm,"51% Baumwolle, 49% Polyamid"
Phildar,Phildar Phil Popcorn,"3,92",Not available,3 mm,"84% Katoen, 16% Polyamide"
Phildar,Phildar Phil Rainbow,"4,42",Not available,3.5 mm,100% Baumwolle
Phildar,Phildar Phil Rustique,"3,92",Not available,4 mm,"65% Baumwolle, 25% Viskose, 10% Leinen"
Phildar,Phildar Phil Sport,"3,73",Not available,4 mm,"51% Wolle, 49% Acryl"
Phildar,Phildar Phil Wavy,"5,40",Not available,5 mm,"48% Polyamid, 30% Acryl, 22% Wolle"
Phildar,Phildar Rapido,"3,43",Not available,6-7 mm,"50% Polyamid, 25% Wolle, 25% Acryl"
Phildar,Phildar Super Baby,"3,53",Not available,"2,5 - 3 mm","70% Acryl, 30% Lammwolle"
Pink Label,Pink Label Create-it,"8,85",Not available,7 - 8 mm,100% Polyester
Pink Label,Pink Label Felt-it,"3,44",Not available,5 - 6 mm,100% Nylon
Pink Label,Pink Label Einführungspaket,"15,19",Not available,,
Pink Label,Pink Label Acrylic Ribbon Alle Farben Paket,"31,08",Not available,6 - 7 mm,100% Acryl
Pink Label,Pink Label Cotton Tube Alle Farben Paket,"38,36",Not available,4 - 5 mm,100% Baumwolle
Pink Label,Pink Label Mixed Up Alle Farben Paket,"73,76",Not available,"2 - 2,5 mm","Katoen, Acryl"
Pink Label,Pink Label Organic Cotton Alle Farben Paket,"44,26",Not available,"2 - 2,5 mm",100% Baumwolle
Pink Label,Pink Label Organic Cotton,"2,56",Not available,"2 - 2,5 mm",100% Baumwolle
Pink Label,Pink Label Cotton Tube,"3,54",Not available,4 - 5 mm,100% Baumwolle
Pink Label,Pink Label Acrylic Ribbon,"4,43",Not available,6 - 7 mm,100% Acryl
Pink Label,Pink Label Hugg,"4,18",Not available,5 - 6 mm,100% Polyester
Pink Label,Pink Label Mixed Up,"2,70",Not available,"2 - 2,5 mm","60% Baumwolle, 40% Acryl"
Rico,Rico Fashion Cotton Neps DK,"6,38",Not available,,
Rico,Rico Superba Hottest Socks Ever! 4 ply,"9,82",Not available,,"75% Wolle, 25% Polyamid"
Rico,Rico Creative Cotton Cord Skinny,"11,50",Not available,,
Rico,Rico Creative Cotton Flecky Fleece DK,"7,86",Not available,3.5 - 4 mm,"75% Katoen, 13% Acryl & 12% Wol"
Rico,Rico Creative Cotton Stripes DK,"19,66",Not available,3.5 - 4 mm,100% Baumwolle
Rico,Rico Essentials Organic Cotton Aran,"2,94",Not available,4 - 5 mm,100% Baumwolle
Rico,Rico Essentials Organic Cotton dk,"2,94",Not available,4 mm,100% Baumwolle
Rico,Rico Baby Dream Tweed dk,"4,91",Not available,4 mm,"45% Polyamid, 38% Polyacryl, 17% Viskose"
Rico,Rico Creative Mohair Melange,"8,35",Not available,8 mm,"40% Schurwolle, 31% Mohair, 27% Acryl, 2% Polyamid"
Rico,Rico Creative Melange Aran Wonderball,"20,64",Not available,5 mm,
Rico,Rico Fashion Alpaca Bling Bling,"6,68",Not available,7 - 8 mm,"40% Baumwolle, 24% Alpakawolle, 18% Polyacryl, 8% Wolle, 5% Polyamid, 5% Metallisiertes Garn"
Rico,Rico Fashion Skinny Alpaca Aran,"9,82",Not available,4 mm mm,"48% Alpaka, 25% Schurwolle, 20% Polyamid, 7% Viskose"
Rico,Rico Baby Classic dk,"3,53",Not available,"3,5 - 4 mm","50% Polyamid, 50% Acryl"
Rico,Rico Baby Cotton Soft dk,"3,43",Not available,"3,5-4 mm","50% Baumwolle, 50% Acryl"
Rico,Rico Baby Cotton Soft Print dk,"3,53",Not available,"3,5-4 mm","50% Baumwolle, 50% Acryl"
Rico,Rico Baby Dream DK,"4,91",Not available,4 mm,"53% Polyamid, 47% Acryl"
Rico,Rico Baby Dream DK Uni,"4,91",Not available,4 mm,"50% Acryl, 50% Polyamide"
Rico,Rico Baby Teddy Aran,"3,24",Not available,"3,5 - 4 mm","75% Polyester, 25% Polyamid"
Rico,Rico Bändchen,"4,42",Not available,6 mm,100% Viskose
Rico,Rico Creative Bubble,"2,94",Not available,2-4 mm,100% Polyester
Rico,Rico Creative Cocon,"10,87",Not available,20 mm,"50% Polyacryl, 35% Polyamide, 15% Wol"
Rico,Rico Creative Cotton Aran,"2,45",Not available,4-5 mm,100% Baumwolle
Rico,Rico Creative Cotton Aran Print,"2,94",Not available,4-5 mm,100% Baumwolle
Rico,Rico Creative Cotton Colour Coated,"3,63",Not available,5 mm,"50% Baumwolle, 50% Acryl"
Rico,Rico Creative Cotton Cord,"9,05",Not available,5 mm,100% Baumwolle
Rico,Rico Creative Cotton Dégradé Print,"18,68",Not available,"3,5 mm","50% Baumwolle, 50% Acryl"
Rico,Rico Creative Cotton Dégradé Super 6,"18,68",Not available,"3,5 mm","50% Baumwolle, 50% Acryl"
Rico,Rico Creative Ito Iro Chunky,"12,29",Not available,6 mm,"80% Polyacryl, 20% Wolle"
Rico,Rico Creative Lamé,"3,53",Not available,"2,5 - 3,5 mm","62% Polyester, 38% Polyamid"
Rico,Rico Creative Melange Big Super Chunky,"9,53",Not available,10-12 mm,"53% Wolle, 47% Acryl"
Rico,Rico Creative Melange Chunky,"4,42",Not available,6 - 7 mm,"53% Schurwolle, 47% Polyacryl"
Rico,Rico Creative Melange DK,"4,22",Not available,"3,5 - 4 mm","53% Schurwolle, 47% Acryl"
Rico,Rico Creative Natur,"3,24",Not available,3.5 mm,100% Hanf
Rico,Rico Creative Riguretto Aran,"9,14",Not available,5 mm,"55% Polyacryl, 30% Nylon, 10% Wolle, 5% Mohair"
Rico,Rico Creative Silky Touch dk,"4,91",Not available,4 mm,100% Acryl
Rico,Rico Creative Smile,"4,91",Not available,8 mm,"53% Wolle, 47% Acryl"
Rico,Rico Creative So Cool + So Soft Cotton Chunky,"5,60",Not available,7 mm,100% Baumwolle
Rico,Rico Creative Soft Wool Aran,"5,69",Not available,5 mm,"75% Polyacryl, 25% Wolle"
Rico,Rico Creative Sport dk,"3,43",Not available,"4,5-5,5 mm","50% Baumwolle, 50% Acryl"
Rico,Rico Creative Twist Super Chunky,"8,35",Not available,10 mm,"80% Polyacryl, 20% Alpakawolle"
Rico,Rico Essentials Alpaca Blend Chunky,"6,48",Not available,6 mm,"50% Polyacryl, 30% Wolle, 20% Alpacawolle"
Rico,Rico Essentials Alpaca Twist Chunky,"6,28",Not available,6 mm,"50% Alpakawolle, 35% Polyacryl, 15% Wolle"
Rico,Rico Essentials Big,"4,61",Not available,7-8 mm,"50% Schurwolle, 50% Acryl"
Rico,Rico Essentials Cashlana,"4,22",Not available,"3,5-4 mm","80% Merino Extra Fein Wolle, 20% Kaschmir"
Rico,Rico Essentials Cotton dk,"3,73",Not available,3 - 4 mm,100% Baumwolle
Rico,Rico Essentials Cotton Glitz DK,"4,71",Not available,3-4 mm,"78% Baumwolle, 19% Viskose, 3% Polyester"
Rico,Rico Essentials Crochet,"2,55",Not available,"1,75-2 mm",100% Mercerisierte Baumwolle
Rico,Rico Essentials Mega Wool Chunky,"7,37",Not available,6 mm,"55% Merinowol, 45% Acryl"
Rico,Rico Essentials Merino dk,"5,40",Not available,"4-4,5 mm",100% Merinowolle
Rico,Rico Essentials Merino Plus DK,"3,73",Not available,4 mm,"50% Schurwolle, 50% Acryl"
Rico,Rico Essentials Soft Merino Aran,"4,16",Not available,5 mm,100% Merinowolle
Rico,Rico Essentials Super Chunky,"4,71",Not available,7 mm,"50% Wolle, 50% Polyacryl"
Rico,Rico Essentials Super Kid Mohair Loves Silk,"8,84",Not available,4.5 mm,"70% Mohair, 30% Seide"
Rico,Rico Essentials Super Kid Mohair Loves Silk Print,"18,18",Not available,"4,5 mm","70% Mohair, 30% Seide"
Rico,Rico Essentials Super Kid Mohair Silk Colourlove,"27,05",Not available,6 mm,"72% Mohair, 28% Seide"
Rico,Rico Essentials Super Super Chunky,"9,82",Not available,10 mm,"50% Schurwolle, 50% Acryl"
Rico,Rico Fashion Alpaca Dream,"7,37",Not available,8 mm,"64% Wolle, 30% Alpakawolle, 6% Polyamid"
Rico,Rico Fashion Big Mohair,"5,99",Not available,10 mm,"40% Polyacryl, 30% Polyamide, 30% Mohair"
Rico,Rico Fashion Cotton Light & Long DK,"5,40",Not available,4 mm,"47% Baumwolle, 46% Acryl, 7% Polyamid"
Rico,Rico Fashion Cotton Light & Long Tweed dk,"6,28",Not available,4 mm,"47% Baumwolle, 43% Acryl, 7% Polyamid, 3% Viskose"
Rico,Rico Fashion Cotton Métallisé,"3,83",Not available,4 mm,"53% Baumwolle, 35% Acryl, 12% Metallic Garn"
Rico,Rico Fashion Cotton Ribbon Chunky,"4,33",Not available,8 mm,100% Baumwolle
Rico,Rico Fashion Fine Fur Super Chunky,"5,56",Not available,10 mm,"42% Alpakawolle, 36% Polyamid, 22% Mohair"
Rico,Rico Fashion Gigantic Mohair,"14,74",Not available,15-20 mm,"40% Polyacryl, 30% Mohair, 30% Polyamide"
Rico,Rico Fashion Jersey,"3,92",Not available,7 mm,"64% Baumwolle, 36% Polyamid"
Rico,Rico Fashion Light Luxury,"7,17",Not available,6 mm,"74% Alpakawolle, 22% Wolle, 4% Nylon"
Rico,Rico Fashion Linen Swell Aran,"5,40",Not available,"4,5 mm","80% Baumwolle, 20% Leinen"
Rico,Rico Fashion Modern Tweed Aran,"5,50",Not available,5 mm,"60% Wolle, 20% Polyamid, 20% Viskose"
Rico,Rico Fashion Mohair Merino Chunky,"10,81",Not available,6 mm,"78% Mohair, 13% Wolle, 9% Polyamid"
Rico,Rico Fashion Silk Blend DK,"9,82",Not available,5 mm,"45% Baumwolle, 45% Seide, 10% Polyamid"
Rico,Rico Luxury Alpaca Superfine Aran,"8,84",Not available,5-6 mm,"63% Alpakawolle, 37% Polyamid"
Rico,Rico Luxury Hand-Dyed Happiness DK,"21,54",Not available,4 mm,100% Merinowolle
Rico,Rico Luxury Volumi,"8,31",Not available,4 mm,"41% Alpakawolle, 41% Mohair, 16% Polyamid, 2% Elastan"
Rico,Rico Ricorumi dk,"1,37",Not available,3-4 mm,100% Baumwolle
Rico,Rico Ricorumi Lamé DK,"0,78",Not available,"2,5-3,5 mm","62% Polyester, 38% Nylon"
Rico,Rico Ricorumi Print DK,"1,47",Not available,3-4 mm,100% Baumwolle
Rico,Rico Ricorumi Set 10 Farben Spray,"15,73",Not available,3-4 mm,100% Baumwolle
Rico,Rico Ricorumi Set 20 Farben,"25,56",Not available,3-4 mm,100% Baumwolle
Rico,Rico Ricorumi Set 20 Farben Baby Pastell,"25,56",Not available,3-4 mm,100% Baumwolle
Rico,Rico Ricorumi Set 20 Farben Limited,"25,56",Not available,3-4 mm,100% Baumwolle
Rico,Rico Ricorumi Set 5 Farben Print,"7,37",Not available,3-4 mm,100% Baumwolle
Rico,Rico Ricorumi Set 60 Farben,"73,26",Not available,3-4 mm,100% Baumwolle
Rico,Rico Ricorumi Spray DK,"1,47",Not available,3-4 mm,100% Baumwolle
Rico,Rico Sticktwist Stickgarn 8m,"1,21",Not available,2 mm,100% Baumwolle
Rico,Rico Sticktwist Stickgarn Neon 20m,"2,84",Not available,,100% Polyester
Rico,Rico Superba Bamboo Confetti 4-ply,"7,86",Not available,2-3 mm,"50% Wol, 25% Polyamide, 25% Viscose"
Rico,Rico Superba Premium Mouliné 4 Fädig,"7,86",Not available,2-3 mm,"75% Wolle, 25% Polyamid"
SMC / Schachenmayr,Schachenmayr Catania A Journey Underwater,"34,37",Not available,,
SMC / Schachenmayr,Schachenmayr Catania Box Pastelltöne,"68,79",Not available,,
SMC / Schachenmayr,Schachenmayr Catania Box Strahlende Farben,"68,79",Not available,,
SMC / Schachenmayr,Schachenmayr Bravo,"1,62",Not available,3 - 4 mm,100% Acryl
SMC / Schachenmayr,Schachenmayr Catania Alle Farben Paket,"368,46",Not available,"2,5-3,5 mm",100% Baumwolle
SMC / Schachenmayr,Catania Trend 2021 Garnpaket,"28,67",Not available,"2,5-3,5 mm",100% Baumwolle
SMC / Schachenmayr,SMC Soft Linen Mix Color,"3,88",Not available,"3-3,5 mm","70% Viskose, 30% Leinen"
SMC / Schachenmayr,SMC Alpaca Cloud,"4,87",Not available,"3,5-5 mm","70% Alpakawolle, 30% Nylon"
SMC / Schachenmayr,SMC Alpaca Couture,"4,87",Not available,3-4 mm,"48% Alpakawolle, 36% Baumwolle, 15% Polyamid, 1% Elastan"
SMC / Schachenmayr,SMC Brazilia,"3,88",Not available,"4,5-5 mm",100% Polyester
SMC / Schachenmayr,SMC Casual Soft,"4,43",Not available,"4-4,5 mm","73% Baumwolle, 19% Wolle, 8% Viskose"
SMC / Schachenmayr,SMC Catania,"2,90",Not available,"2,5-3,5 mm",100% Baumwolle
SMC / Schachenmayr,SMC Catania Color,"3,69",Not available,"2,5-3,5 mm",100% Baumwolle
SMC / Schachenmayr,SMC Catania Denim,"3,69",Not available,"2,5-3,5 mm",100% Baumwolle
SMC / Schachenmayr,SMC Catania Glamour,"3,69",Not available,"2,5-3,5 mm","98% Baumwolle, 2% Polyester"
SMC / Schachenmayr,SMC Catania Grande,"2,90",Not available,4-5 mm,100% Baumwolle
SMC / Schachenmayr,SMC Corsica,"5,85",Not available,"2,5-3,5 mm","50% Baumwolle, 50% Nylon"
SMC / Schachenmayr,SMC Cosy Wool,"4,57",Not available,"4,5-5 mm","64% Viskose, 25% Acryl, 11% Wolle"
SMC / Schachenmayr,SMC Merino Extra Fine 120,"5,41",Not available,3-4 mm,100% Scheerwol
SMC / Schachenmayr,SMC Peach Cotton,"5,41",Not available,"3-3,5 mm","60% Baumwolle, 40% Acryl"
SMC / Schachenmayr,SMC Regia Pairfect Design Line by Arne & Carlos 4-PLY,"9,20",Not available,2-3 mm,"75% Schurwolle, 25% Polyamid"
SMC / Schachenmayr,SMC Regia Print 4-ply,"4,92",Not available,2-3 mm,"75% Schurwolle, 25% Polyamid"
SMC / Schachenmayr,SMC Regia Uni 4-ply,"4,87",Not available,2-3 mm,"75% Schurwolle, 25% Polyamid"
SMC / Schachenmayr,SMC Soft Linen Mix,"3,39",Not available,"3-3,5 mm","70% Viskose, 30% Leinen"
Stylecraft,Stylecraft Charm,"17,65",Not available,"3,5-5 mm","85% Premium Acryl, 10% Wolle, 5% Mohair"
Stylecraft,Stylecraft You & Me DK,"5,85",Not available,4 mm,
Stylecraft,Stylecraft Wondersoft Merry Go Round DK,"5,41",Not available,4 mm,100% Premium Acryl
Stylecraft,Stylecraft Special XL Tweed Super Chunky,"3,69",Not available,10 mm,"97% Premium Acryl, 3% Viskose"
Stylecraft,Stylecraft Special for Babies Aran,"3,25",Not available,5 mm,100% Premium Acryl
Stylecraft,Stylecraft Special Chunky,"2,90",Not available,6 mm,100% Premium Acryl
Stylecraft,Stylecraft Special Aran with Wool - Marl shades,"14,75",Not available,5 mm,"77% Premium Acryl, 20% Wol, 3% Viscose"
Stylecraft,Stylecraft Special Aran with Wool - Nepp shades,"14,75",Not available,5 mm,"77% Premium Acryl, 20% Wol, 3% Viscose"
Stylecraft,Stylecraft Special Aran with Wool,"13,72",Not available,5 mm,"80% Premium Acryl, 20% Wol"
Stylecraft,Stylecraft Special Aran,"2,90",Not available,5 mm,100% Premium Acryl
Stylecraft,Stylecraft Softie Chunky,"4,87",Not available,6 -7 mm,"80% Premium Acryl, 20% Wol"
Stylecraft,Stylecraft ReCreate DK,"5,16",Not available,4 mm,"40% Wolle, 30% Acryl, 30% Polyester"
Stylecraft,Stylecraft Naturals - Organic Cotton DK,"2,80",Not available,4 mm,100% Biologische Baumwolle
Stylecraft,Stylecraft Naturals - Bamboo + Cotton DK,"5,85",Not available,"3,5 mm",
Stylecraft,Stylecraft Life Super Chunky - Nepp shades,"4,77",Not available,10 mm,"72% Premium Acryl, 25% Wol, 3% Viscose"
Stylecraft,Stylecraft Life Super Chunky,"4,43",Not available,10 mm,"75% Premium Acryl, 25% Wolle"
Stylecraft,Stylecraft Life Chunky,"4,43",Not available,6 mm,"75% Premium Acryl, 25% Wolle"
Stylecraft,Stylecraft Life Aran,"4,43",Not available,5 mm,"75% Premium Acryl, 25% Wolle"
Stylecraft,Stylecraft Highland Heathers Aran,"3,69",Not available,5 mm,100% Premium Acryl
Stylecraft,Stylecraft Bellissima Chunky,"3,88",Not available,6 mm,100% Premium Acryl
Stylecraft,Stylecraft Life DK - Nepp shades,"4,77",Not available,4 mm,"72% Premium Acryl, 25% Wol, 3% Viscose"
Stylecraft,Stylecraft Batik Swirl DK,"12,29",Not available,4 mm,"80% Premium Acryl, 20% Wol"
Stylecraft,Stylecraft Bambino Prints DK,"4,18",Not available,4 mm,100% Premium Acryl
Stylecraft,Stylecraft Special DK Alle Farben Paket,"290,12",Not available,4 mm,100% Acryl
Stylecraft,Stylecraft Highland Heathers DK,"3,69",Not available,4 mm,100% Acryl
Stylecraft,Stylecraft Cabaret DK,"6,39",Not available,4 mm,"98% Premium Acryl, 2% Polyester"
Stylecraft,Stylecraft Bambino DK,"3,79",Not available,4 mm,100% Premium Acryl
Stylecraft,Stylecraft Batik DK,"2,90",Not available,4 mm,"80% Acryl, 20% Wolle"
Stylecraft,Stylecraft Bellissima DK,"3,74",Not available,4 mm,100% Acryl
Stylecraft,Stylecraft Colour Pool,"7,38",Not available,5 mm,100% Acryl
Stylecraft,Stylecraft Jeanie,"5,95",Not available,5 mm,"60% Baumwolle, 40% Acryl"
Stylecraft,Stylecraft Life DK,"4,43",Not available,4 mm,"75% Premium Acryl, 25% Wolle"
Stylecraft,Stylecraft Special DK,"2,90",Not available,4 mm,100% Acryl
Stylecraft,Stylecraft Special dk Farbkarte,"4,87",Not available,,
Stylecraft,Stylecraft Special XL Super Chunky,"6,84",Not available,10 mm,100% Acryl
Yarn and Colors,Yarn and Colors Epic Color Pack,"19,67",Not available,5 mm mm,100% Baumwolle
Yarn and Colors,Yarn and Colors Must-Have Color Pack,"22,13",Not available,"2-3,5 mm mm",100% Baumwolle
Yarn and Colors,Yarn and Colors Must-have 25 Farben Paket,"55,32",Not available,"2-3,5 mm",100% Baumwolle
Yarn and Colors,Yarn and Colors Must-have 50 Farben Paket,"110,64",Not available,"2-3,5 mm",100% Baumwolle
Yarn and Colors,Yarn and Colors Must-have Alle Farben Paket,"225,71",Not available,"2-3,5 mm",100% Baumwolle
Yarn and Colors,Yarn and Colors Baby Fabulous Alle Farben Paket,"94,66",Not available,4-5 mm,"45% Baumwolle, 55% Acryl"
Yarn and Colors,Yarn and Colors Favorite Alle Farben Paket,"68,84",Not available,3 mm,100% Baumwolle
Yarn and Colors,Yarn and Colors Gentle,"1,97",Not available,5 mm,100% Recycelte Baumwolle
Yarn and Colors,Yarn and Colors Amazing,"3,20",Not available,4 mm,100% Recycelte Acryl
Yarn and Colors,Yarn and Colors Elegant,"2,95",Not available,"3,5-4 mm","25% Mohair, 25% Wolle, 50% Acryl"
Yarn and Colors,Yarn and Colors Favorite,"1,97",Not available,3 mm,100% Baumwolle
Yarn and Colors,Yarn and Colors Baby Fabulous,"2,95",Not available,4-5 mm,"45% Baumwolle, 55% Acryl"
Yarn and Colors,Yarn and Colors Charming,"3,44",Not available,"3-3,5 mm","68% Baumwolle, 32% Acryl"
Yarn and Colors,Yarn and Colors Charming alle Farben Paket,"159,81",Not available,,
Yarn and Colors,Yarn and Colors Cheerful,"6,39",Not available,7 mm,"60% Wolle, 40% Acryl"
Yarn and Colors,Yarn and Colors Epic,"1,97",Not available,5 mm,100% Baumwolle
Yarn and Colors,Yarn and Colors Epic Alle Farben Paket,"245,87",Not available,,
Yarn and Colors,Yarn and Colors Epic Farbkarte,"9,83",Not available,,
Yarn and Colors,Yarn and Colors Fabulous,"3,20",Not available,6-7 mm,"50% Baumwolle, 50% Acryl"
Yarn and Colors,Yarn and Colors Fresh,"12,29",Not available,25 mm,"30% Wolle, 70% Acryl"
Yarn and Colors,Yarn and Colors Furry,"2,21",Not available,3-4 mm,100% Polyester
Yarn and Colors,Yarn and Colors Glamour,"1,72",Not available,2 mm,100% Polyester
Yarn and Colors,Yarn and Colors Happy,"5,90",Not available,5 - 6 mm,"25% Wolle, 25% Acryl, 50% Polyamid"
Yarn and Colors,Yarn and Colors Joy,"5,90",Not available,"3,5-4 mm","25% Wolle, 25% Acryl, 50% Polyamid"
Yarn and Colors,Yarn and Colors Must-have,"2,36",Not available,"2-3,5 mm",100% Baumwolle
Yarn and Colors,Yarn and Colors Must-have Farbkarte,"9,83",Not available,,
Yarn and Colors,Yarn and Colors Must-have Minis,"0,74",Not available,"2-3,5 mm",100% Baumwolle
Yarn and Colors,Yarn and Colors Must-Have Minis Alle Farben Paket,"75,24",Not available,"2 - 3,5 mm",100% Baumwolle
Yarn and Colors,Yarn and Colors Serene,"5,65",Not available,4 - 4.5 mm,100% Merinowolle
Yarn and Colors,Yarn and Colors Super Charming,"2,95",Not available,5 mm,"66% Baumwolle, 34% Acryl"
Yarn and Colors,Yarn and Colors Super Must-have,"5,65",Not available,6-7 mm,100% Baumwolle
Yarn and Colors,Yarn and Colors Urban,"7,87",Not available,12 mm,"15% Wolle, 85% Acryl"
Yarn and Colors,Yarn and Colors Zen,"3,44",Not available,5-6 mm,"68% Baumwolle, 32% Nylon"
